stranka,id_sobe,zacetek,konec,placano
399,492,2018-12-16,2019-01-10,0
170,474,2018-11-28,2019-01-15,0
1000,425,2018-11-20,2019-01-22,0
527,573,2018-11-30,2019-01-09,1
343,407,2018-12-09,2019-01-16,1
34,476,2018-12-10,2018-12-25,1
491,159,2018-11-28,2018-12-28,0
27,900,2018-11-20,2018-12-21,0
934,9,2018-11-19,2019-01-27,1
590,440,2018-11-21,2019-01-25,1
234,850,2018-12-17,2019-01-09,1
190,969,2018-11-19,2019-01-05,1
40,840,2018-11-22,2019-01-20,0
539,404,2018-12-02,2018-12-23,0
639,663,2018-12-17,2019-01-21,0
634,68,2018-12-14,2018-12-19,1
452,465,2018-12-17,2019-01-09,1
93,520,2018-11-18,2018-12-19,1
281,780,2018-12-10,2019-01-05,1
262,909,2018-11-19,2018-12-29,0
397,651,2018-11-19,2019-01-18,0
922,670,2018-12-16,2019-01-15,1
959,520,2018-12-04,2019-01-08,0
801,54,2018-11-21,2019-01-20,1
517,657,2018-11-29,2019-01-19,0
884,458,2018-12-02,2019-01-30,1
211,555,2018-12-04,2019-01-09,1
14,896,2018-12-07,2018-12-27,0
622,891,2018-11-27,2019-01-15,0
22,138,2018-11-29,2019-01-01,0
751,367,2018-12-16,2019-01-30,0
247,493,2018-11-22,2019-01-05,1
435,376,2018-11-25,2019-01-04,1
271,823,2018-11-28,2019-01-13,0
11,701,2018-12-11,2019-01-07,0
659,638,2018-11-21,2019-01-15,0
574,329,2018-12-12,2019-01-30,1
625,268,2018-12-01,2018-12-26,0
769,285,2018-11-27,2019-01-27,0
138,510,2018-11-28,2018-12-20,0
450,716,2018-12-02,2018-12-31,1
526,385,2018-12-10,2018-12-25,0
451,392,2018-12-14,2019-01-05,0
960,782,2018-11-26,2019-01-20,0
819,646,2018-12-05,2019-01-04,0
560,214,2018-11-20,2018-12-22,0
524,166,2018-12-01,2019-01-10,0
485,153,2018-12-11,2019-01-23,1
282,380,2018-11-18,2019-01-08,1
755,959,2018-11-23,2019-01-17,1
997,91,2018-12-08,2019-01-22,1
527,811,2018-11-29,2019-01-26,1
460,948,2018-11-29,2019-01-28,1
675,446,2018-12-10,2019-01-14,1
891,936,2018-12-09,2019-01-24,1
179,282,2018-12-13,2019-01-08,0
833,106,2018-12-02,2019-01-08,0
831,317,2018-12-01,2019-01-09,0
106,466,2018-12-01,2018-12-18,1
620,968,2018-11-25,2018-12-26,0
556,239,2018-11-29,2019-01-27,0
85,997,2018-12-12,2019-01-06,0
240,949,2018-12-07,2018-12-19,0
127,528,2018-11-28,2019-01-15,1
476,372,2018-11-22,2019-01-29,1
482,247,2018-11-24,2019-01-14,1
529,426,2018-12-04,2019-01-04,0
348,867,2018-11-26,2019-01-16,0
463,257,2018-12-03,2019-01-03,0
548,515,2018-11-18,2019-01-26,1
267,687,2018-12-15,2019-01-10,0
791,159,2018-11-21,2018-12-19,1
236,9,2018-11-23,2019-01-20,0
311,737,2018-12-14,2019-01-07,1
556,376,2018-12-06,2018-12-22,0
698,786,2018-12-03,2019-01-26,0
160,606,2018-12-12,2018-12-31,1
853,1000,2018-12-16,2019-01-13,0
507,783,2018-11-19,2018-12-24,0
20,949,2018-11-29,2019-01-29,1
940,979,2018-12-03,2019-01-06,1
676,428,2018-12-06,2019-01-19,1
679,360,2018-11-27,2019-01-27,0
103,397,2018-11-21,2019-01-08,1
938,37,2018-11-30,2019-01-03,0
494,110,2018-12-10,2019-01-14,1
333,594,2018-12-06,2018-12-23,1
784,671,2018-12-03,2019-01-22,0
698,332,2018-11-21,2018-12-26,1
950,628,2018-11-19,2019-01-26,1
72,620,2018-11-21,2019-01-07,0
186,687,2018-11-26,2019-01-28,1
863,525,2018-11-19,2019-01-21,1
417,858,2018-11-28,2019-01-16,1
871,799,2018-12-07,2019-01-29,1
369,85,2018-12-14,2018-12-29,0
912,920,2018-11-26,2019-01-08,0
857,632,2018-12-17,2019-01-17,0
43,539,2018-12-02,2018-12-30,0
824,206,2018-12-04,2019-01-24,0
553,949,2018-12-07,2019-01-04,0
116,515,2018-11-19,2018-12-18,1
392,174,2018-12-02,2018-12-22,0
726,669,2018-12-05,2018-12-27,1
791,377,2018-12-07,2019-01-04,0
861,73,2018-11-22,2018-12-23,1
478,632,2018-11-29,2019-01-27,0
801,527,2018-11-20,2019-01-01,1
618,572,2018-12-13,2019-01-27,1
881,298,2018-12-04,2018-12-24,0
484,467,2018-12-11,2019-01-21,0
743,142,2018-11-26,2019-01-17,0
942,97,2018-12-11,2019-01-24,0
297,26,2018-12-15,2018-12-24,0
979,328,2018-12-09,2019-01-26,1
22,384,2018-11-26,2018-12-31,0
896,714,2018-12-12,2019-01-29,1
911,801,2018-11-30,2018-12-23,1
85,657,2018-11-21,2019-01-15,0
595,622,2018-12-17,2018-12-29,1
782,872,2018-12-13,2019-01-03,1
747,146,2018-11-29,2019-01-03,1
662,949,2018-12-13,2019-01-28,0
571,601,2018-11-21,2018-12-31,0
85,558,2018-12-03,2019-01-30,1
265,694,2018-11-26,2019-01-13,0
620,640,2018-12-03,2019-01-09,0
118,139,2018-11-20,2019-01-10,1
455,634,2018-11-25,2019-01-05,1
508,177,2018-11-25,2019-01-22,1
24,768,2018-12-03,2019-01-26,0
995,424,2018-12-13,2019-01-13,1
751,148,2018-11-25,2019-01-20,1
554,653,2018-12-12,2019-01-11,1
893,639,2018-11-30,2019-01-24,1
134,791,2018-11-28,2018-12-26,1
989,775,2018-12-04,2019-01-15,0
524,482,2018-11-23,2019-01-30,0
298,447,2018-12-05,2018-12-27,1
278,568,2018-12-07,2018-12-29,1
436,903,2018-12-01,2019-01-26,1
968,957,2018-11-21,2019-01-04,0
929,553,2018-12-03,2019-01-03,1
760,461,2018-12-10,2018-12-20,0
947,785,2018-12-12,2019-01-15,1
386,630,2018-12-17,2018-12-29,1
286,120,2018-11-20,2019-01-26,0
100,241,2018-11-28,2019-01-15,0
936,762,2018-11-18,2019-01-17,0
750,650,2018-12-14,2019-01-25,0
659,209,2018-11-26,2018-12-18,0
506,284,2018-12-06,2019-01-23,0
164,973,2018-12-08,2019-01-29,1
911,471,2018-11-20,2018-12-18,1
571,411,2018-12-03,2019-01-28,0
899,415,2018-11-29,2019-01-02,1
907,302,2018-12-03,2018-12-23,0
143,924,2018-11-23,2018-12-30,0
91,541,2018-12-11,2019-01-24,1
984,384,2018-12-09,2018-12-18,1
858,572,2018-11-26,2019-01-07,1
351,686,2018-11-18,2018-12-21,0
769,374,2018-11-20,2019-01-12,0
420,452,2018-11-25,2018-12-21,0
161,505,2018-11-30,2018-12-24,0
444,945,2018-12-07,2019-01-04,0
445,131,2018-11-30,2019-01-21,1
125,950,2018-11-21,2018-12-26,0
791,14,2018-12-07,2018-12-23,1
39,389,2018-12-05,2019-01-20,1
931,505,2018-11-29,2018-12-27,1
316,848,2018-12-10,2019-01-13,1
396,65,2018-11-18,2018-12-25,0
625,430,2018-12-05,2019-01-18,0
669,923,2018-12-17,2019-01-09,1
7,652,2018-12-07,2019-01-11,1
47,759,2018-11-29,2019-01-02,0
651,5,2018-12-07,2019-01-09,0
815,32,2018-12-08,2018-12-29,0
263,315,2018-12-01,2019-01-12,0
357,599,2018-11-20,2019-01-03,1
467,985,2018-11-24,2018-12-25,0
986,958,2018-12-14,2019-01-30,0
666,83,2018-12-17,2019-01-22,0
380,603,2018-11-24,2018-12-27,1
465,987,2018-11-22,2019-01-18,0
909,209,2018-12-02,2018-12-30,1
698,948,2018-12-14,2019-01-03,0
507,512,2018-12-03,2019-01-26,1
232,407,2018-11-25,2019-01-08,0
853,78,2018-12-03,2019-01-03,0
544,424,2018-11-27,2019-01-30,1
6,620,2018-12-15,2019-01-03,1
873,641,2018-12-17,2019-01-03,0
249,523,2018-12-09,2019-01-23,0
959,466,2018-12-09,2018-12-21,0
986,683,2018-12-06,2018-12-23,1
380,329,2018-12-02,2019-01-09,1
326,189,2018-12-11,2018-12-22,1
145,605,2018-12-04,2018-12-21,0
359,109,2018-12-01,2019-01-24,0
610,19,2018-12-03,2019-01-08,1
696,453,2018-11-19,2019-01-12,0
717,186,2018-12-13,2019-01-10,1
417,418,2018-12-11,2019-01-02,0
423,633,2018-12-02,2018-12-22,0
851,687,2018-12-17,2019-01-12,0
573,462,2018-12-17,2019-01-16,1
777,146,2018-11-22,2019-01-27,1
49,319,2018-12-10,2018-12-29,1
485,99,2018-11-23,2019-01-11,0
956,696,2018-11-18,2018-12-28,0
388,74,2018-12-17,2018-12-28,0
826,708,2018-11-21,2018-12-23,1
741,601,2018-11-25,2019-01-01,1
825,269,2018-12-12,2019-01-06,1
445,102,2018-12-13,2019-01-14,0
314,131,2018-11-30,2019-01-04,1
457,250,2018-11-24,2018-12-23,0
38,625,2018-12-16,2018-12-30,1
292,820,2018-12-13,2019-01-25,0
156,290,2018-11-18,2019-01-15,0
744,545,2018-12-11,2019-01-02,1
475,152,2018-11-18,2018-12-24,0
720,932,2018-12-17,2019-01-08,1
872,474,2018-11-30,2018-12-19,0
742,83,2018-12-14,2019-01-19,1
223,771,2018-11-19,2018-12-25,1
725,225,2018-11-22,2019-01-14,1
558,590,2018-12-15,2019-01-01,0
509,250,2018-12-10,2019-01-12,0
654,880,2018-11-27,2019-01-26,1
277,643,2018-12-04,2019-01-07,1
842,349,2018-12-04,2018-12-25,1
641,33,2018-12-13,2019-01-20,1
645,208,2018-12-11,2019-01-13,0
965,642,2018-11-21,2019-01-29,0
896,270,2018-12-01,2019-01-20,1
48,27,2018-11-20,2019-01-24,1
566,917,2018-11-26,2019-01-11,0
718,317,2018-12-16,2018-12-21,1
495,88,2018-12-06,2019-01-03,1
536,107,2018-11-29,2019-01-08,1
898,977,2018-11-30,2019-01-12,1
132,772,2018-12-10,2019-01-14,1
787,21,2018-11-21,2018-12-21,0
830,559,2018-12-11,2019-01-30,1
722,485,2018-11-23,2019-01-22,0
227,378,2018-12-06,2019-01-27,0
450,678,2018-12-03,2018-12-28,0
894,422,2018-12-04,2019-01-08,0
1000,476,2018-12-07,2018-12-26,0
844,842,2018-12-08,2018-12-29,1
366,650,2018-11-29,2019-01-13,1
966,21,2018-12-01,2019-01-20,0
595,856,2018-11-30,2018-12-25,1
886,760,2018-12-11,2018-12-26,0
141,402,2018-12-12,2018-12-23,0
905,650,2018-12-11,2019-01-29,1
466,536,2018-12-11,2019-01-19,1
556,806,2018-12-02,2019-01-24,1
670,507,2018-11-22,2019-01-03,1
125,323,2018-12-09,2019-01-03,1
840,544,2018-12-16,2019-01-27,0
185,32,2018-12-11,2019-01-26,1
64,503,2018-11-25,2018-12-27,0
826,491,2018-11-25,2018-12-29,0
247,917,2018-11-27,2019-01-04,1
94,440,2018-11-18,2019-01-09,1
82,476,2018-11-25,2018-12-19,0
359,377,2018-11-23,2019-01-05,1
1000,134,2018-11-21,2019-01-24,0
67,510,2018-12-16,2019-01-15,1
86,228,2018-12-15,2019-01-16,0
326,151,2018-11-20,2018-12-27,1
741,617,2018-11-30,2018-12-19,1
84,347,2018-11-25,2018-12-23,0
370,772,2018-11-21,2019-01-21,0
772,926,2018-12-01,2019-01-13,0
198,40,2018-12-03,2019-01-23,0
253,655,2018-11-25,2018-12-29,0
500,792,2018-11-18,2019-01-22,1
234,227,2018-11-25,2019-01-20,0
617,20,2018-12-07,2018-12-29,0
479,211,2018-12-02,2019-01-17,0
860,31,2018-11-24,2019-01-17,1
80,718,2018-12-10,2019-01-23,1
536,361,2018-11-26,2018-12-23,1
465,928,2018-12-02,2018-12-18,1
12,203,2018-11-25,2019-01-29,1
578,860,2018-12-08,2018-12-21,0
474,112,2018-12-10,2019-01-30,1
468,66,2018-11-29,2019-01-05,1
278,791,2018-11-30,2019-01-22,1
60,727,2018-12-08,2019-01-24,1
306,736,2018-12-16,2018-12-27,0
494,223,2018-12-01,2018-12-18,0
366,509,2018-12-04,2019-01-22,1
376,955,2018-11-19,2019-01-02,0
442,33,2018-12-16,2019-01-05,0
523,780,2018-12-15,2019-01-28,1
672,519,2018-11-19,2019-01-14,1
842,242,2018-12-16,2019-01-23,0
558,793,2018-11-25,2018-12-31,0
42,160,2018-11-23,2019-01-16,1
352,421,2018-12-04,2019-01-25,1
727,694,2018-12-01,2019-01-11,0
132,672,2018-11-25,2018-12-24,1
318,224,2018-11-20,2018-12-24,0
299,945,2018-12-02,2019-01-13,0
861,599,2018-11-22,2019-01-03,1
105,573,2018-12-16,2019-01-07,0
281,542,2018-12-14,2019-01-19,0
332,656,2018-11-23,2018-12-30,0
442,706,2018-11-18,2019-01-23,0
826,780,2018-12-09,2019-01-06,0
982,688,2018-11-23,2019-01-22,0
915,996,2018-12-08,2019-01-24,1
997,649,2018-12-07,2019-01-23,1
498,330,2018-12-15,2018-12-31,0
101,943,2018-12-05,2019-01-26,1
809,160,2018-11-18,2018-12-23,1
354,574,2018-12-16,2018-12-22,1
183,436,2018-11-30,2019-01-05,1
393,552,2018-12-13,2018-12-22,1
526,29,2018-11-23,2019-01-25,1
964,226,2018-11-20,2018-12-21,0
725,393,2018-12-15,2019-01-06,1
90,110,2018-11-27,2019-01-20,0
873,615,2018-12-05,2019-01-06,0
555,115,2018-11-19,2019-01-25,1
54,155,2018-11-27,2019-01-02,0
928,872,2018-12-09,2018-12-19,0
208,730,2018-12-07,2018-12-30,1
913,91,2018-12-11,2018-12-31,0
844,303,2018-11-22,2019-01-27,1
361,919,2018-12-16,2019-01-21,0
696,840,2018-12-14,2019-01-20,1
684,358,2018-12-10,2019-01-11,1
354,380,2018-12-17,2019-01-10,0
232,86,2018-12-06,2019-01-19,0
105,72,2018-11-28,2019-01-30,0
204,995,2018-11-23,2019-01-25,1
69,673,2018-12-11,2019-01-27,1
741,64,2018-12-09,2019-01-04,0
134,537,2018-12-09,2019-01-22,1
529,83,2018-11-30,2019-01-01,1
500,167,2018-11-30,2019-01-07,1
356,316,2018-12-07,2019-01-02,0
583,347,2018-12-02,2019-01-27,0
734,557,2018-12-13,2019-01-25,0
689,410,2018-11-25,2018-12-29,0
917,682,2018-12-02,2019-01-02,0
543,496,2018-11-23,2018-12-31,0
501,169,2018-11-19,2019-01-26,0
634,338,2018-12-10,2019-01-25,1
323,615,2018-12-03,2018-12-22,0
938,374,2018-12-01,2018-12-21,0
771,806,2018-12-16,2018-12-21,0
271,71,2018-11-22,2019-01-08,0
389,917,2018-12-04,2018-12-18,0
312,646,2018-11-29,2019-01-08,0
651,341,2018-12-04,2018-12-28,0
375,573,2018-12-11,2018-12-27,0
889,501,2018-12-09,2019-01-07,1
608,478,2018-11-24,2019-01-18,0
584,47,2018-11-27,2018-12-25,0
267,441,2018-12-17,2018-12-18,1
837,953,2018-12-08,2019-01-05,1
779,711,2018-12-14,2019-01-04,0
478,879,2018-12-08,2019-01-11,1
852,813,2018-12-01,2018-12-30,0
956,791,2018-12-10,2019-01-24,1
574,357,2018-12-04,2018-12-27,0
439,854,2018-12-05,2018-12-23,0
641,766,2018-12-01,2019-01-25,0
753,516,2018-11-18,2019-01-17,1
128,660,2018-11-18,2019-01-14,1
748,342,2018-11-24,2018-12-20,0
440,403,2018-11-23,2019-01-29,1
59,555,2018-11-30,2018-12-21,0
306,85,2018-12-06,2019-01-22,1
123,386,2018-11-29,2019-01-20,1
669,653,2018-11-21,2019-01-16,0
33,882,2018-12-08,2019-01-24,1
113,190,2018-12-08,2018-12-18,1
154,206,2018-11-20,2018-12-19,1
998,458,2018-12-01,2018-12-27,1
39,930,2018-11-23,2019-01-16,0
609,646,2018-12-03,2019-01-06,1
932,324,2018-12-12,2018-12-21,1
203,646,2018-11-18,2019-01-20,0
650,532,2018-12-07,2019-01-18,0
230,239,2018-11-26,2019-01-03,1
6,583,2018-12-13,2019-01-04,0
544,840,2018-12-08,2019-01-21,0
477,775,2018-12-11,2019-01-02,0
26,509,2018-12-07,2019-01-04,0
995,694,2018-12-11,2019-01-24,0
757,492,2018-12-10,2019-01-16,1
853,326,2018-11-28,2019-01-05,1
228,669,2018-11-24,2018-12-31,1
582,692,2018-12-01,2019-01-20,0
613,965,2018-12-15,2018-12-27,1
411,446,2018-11-18,2019-01-08,1
577,390,2018-12-01,2019-01-13,1
685,479,2018-12-06,2019-01-14,1
750,647,2018-11-18,2018-12-24,0
394,293,2018-11-22,2019-01-30,0
840,173,2018-12-15,2019-01-25,1
178,788,2018-12-03,2019-01-24,1
434,350,2018-12-01,2019-01-20,1
777,620,2018-12-12,2018-12-20,1
264,476,2018-12-12,2019-01-18,1
154,162,2018-11-20,2019-01-09,1
749,444,2018-11-21,2018-12-22,1
709,251,2018-11-27,2018-12-28,1
440,98,2018-12-13,2019-01-15,0
294,555,2018-12-11,2019-01-07,1
688,631,2018-12-04,2018-12-30,0
875,812,2018-11-18,2018-12-18,0
555,246,2018-12-13,2019-01-24,0
189,309,2018-12-17,2019-01-22,0
421,91,2018-11-25,2019-01-05,0
609,799,2018-12-14,2019-01-30,1
176,886,2018-11-24,2019-01-26,0
582,741,2018-12-01,2019-01-24,1
595,178,2018-11-28,2019-01-08,0
815,966,2018-11-27,2019-01-07,1
939,463,2018-11-27,2018-12-27,1
865,419,2018-12-15,2018-12-31,1
346,826,2018-11-28,2019-01-12,1
524,880,2018-12-02,2019-01-28,1
698,722,2018-11-26,2019-01-05,1
113,182,2018-12-04,2019-01-02,1
921,34,2018-12-05,2018-12-24,1
440,647,2018-12-10,2018-12-28,0
125,32,2018-12-17,2019-01-19,1
603,268,2018-12-11,2018-12-25,1
9,465,2018-11-27,2018-12-20,1
256,917,2018-11-26,2019-01-29,0
571,756,2018-12-13,2018-12-26,0
90,718,2018-11-22,2019-01-06,0
499,140,2018-11-28,2018-12-26,0
480,842,2018-11-27,2019-01-21,0
268,769,2018-12-02,2019-01-24,1
159,378,2018-11-24,2019-01-02,0
808,94,2018-11-27,2019-01-21,0
464,98,2018-12-09,2019-01-23,1
954,1,2018-11-23,2019-01-13,1
561,509,2018-11-21,2019-01-30,0
339,757,2018-11-29,2019-01-09,0
280,773,2018-11-25,2018-12-20,0
519,219,2018-12-13,2019-01-13,0
425,809,2018-11-29,2019-01-05,0
560,259,2018-12-11,2018-12-19,1
408,611,2018-12-10,2019-01-30,1
540,186,2018-11-22,2019-01-11,1
409,904,2018-12-11,2019-01-11,0
318,281,2018-11-26,2019-01-12,1
802,758,2018-11-21,2018-12-18,0
190,405,2018-12-08,2018-12-30,1
311,942,2018-11-28,2019-01-19,1
644,663,2018-11-30,2019-01-25,0
749,741,2018-11-20,2019-01-17,1
951,399,2018-12-14,2019-01-02,0
861,4,2018-11-22,2018-12-31,1
199,648,2018-12-04,2018-12-30,0
347,804,2018-11-26,2019-01-20,1
78,825,2018-11-21,2019-01-10,0
797,642,2018-12-02,2019-01-02,1
268,446,2018-12-15,2019-01-25,1
466,997,2018-12-02,2018-12-29,0
110,787,2018-12-05,2019-01-05,1
463,174,2018-12-02,2018-12-26,1
991,387,2018-12-07,2018-12-21,0
826,381,2018-12-13,2019-01-04,1
190,356,2018-12-08,2019-01-26,1
593,996,2018-11-23,2019-01-20,0
714,365,2018-11-28,2018-12-31,1
795,574,2018-11-29,2019-01-07,0
530,312,2018-11-20,2019-01-12,1
697,929,2018-11-25,2019-01-28,0
684,565,2018-12-05,2019-01-13,0
976,231,2018-11-21,2019-01-16,1
715,198,2018-12-07,2018-12-31,0
370,660,2018-12-16,2019-01-05,0
78,231,2018-12-03,2019-01-15,0
856,103,2018-11-23,2019-01-29,1
405,120,2018-11-26,2019-01-10,0
270,101,2018-12-16,2018-12-30,0
809,704,2018-12-07,2019-01-27,0
859,198,2018-11-25,2019-01-28,0
909,274,2018-11-19,2019-01-28,0
449,406,2018-12-17,2018-12-24,1
351,155,2018-11-19,2019-01-04,1
320,810,2018-11-29,2018-12-29,1
921,370,2018-11-26,2019-01-09,0
941,920,2018-12-02,2019-01-18,1
452,279,2018-12-05,2019-01-14,0
719,249,2018-11-19,2019-01-19,0
62,513,2018-11-21,2019-01-03,1
186,941,2018-11-25,2019-01-22,0
609,935,2018-11-21,2019-01-19,1
553,964,2018-12-08,2019-01-12,1
148,647,2018-12-15,2018-12-28,1
270,103,2018-12-06,2019-01-12,0
618,852,2018-11-28,2019-01-26,1
310,752,2018-11-24,2018-12-26,0
820,474,2018-11-19,2019-01-04,1
208,248,2018-11-20,2018-12-25,1
831,382,2018-11-21,2019-01-30,0
806,428,2018-11-24,2019-01-18,0
829,768,2018-11-29,2019-01-23,1
834,444,2018-11-25,2019-01-25,0
843,37,2018-12-13,2019-01-23,1
930,910,2018-12-12,2019-01-16,1
941,976,2018-11-27,2019-01-29,0
905,201,2018-11-30,2019-01-14,1
652,47,2018-11-24,2019-01-14,0
166,860,2018-11-30,2018-12-29,0
699,890,2018-12-13,2018-12-28,0
69,286,2018-12-09,2019-01-01,1
94,878,2018-11-30,2018-12-26,0
869,882,2018-11-21,2019-01-10,1
419,425,2018-12-13,2018-12-29,0
254,388,2018-12-05,2019-01-17,0
106,460,2018-12-01,2019-01-28,1
609,228,2018-11-29,2019-01-17,1
147,54,2018-11-18,2018-12-27,0
481,937,2018-11-25,2018-12-23,1
639,519,2018-12-11,2018-12-27,1
405,727,2018-12-02,2019-01-24,0
797,613,2018-12-10,2019-01-20,1
759,456,2018-12-10,2019-01-03,1
152,442,2018-11-19,2019-01-06,0
568,981,2018-12-12,2018-12-27,0
932,756,2018-11-27,2019-01-25,0
310,976,2018-12-07,2019-01-07,0
781,200,2018-11-25,2019-01-11,1
77,176,2018-11-19,2019-01-04,1
887,818,2018-11-28,2018-12-23,0
739,996,2018-11-24,2018-12-24,1
310,56,2018-11-26,2019-01-09,1
303,354,2018-11-23,2019-01-08,0
396,480,2018-11-24,2019-01-27,0
229,772,2018-12-11,2019-01-13,0
990,218,2018-12-11,2019-01-23,0
903,566,2018-12-02,2018-12-31,0
303,518,2018-12-07,2019-01-01,0
834,965,2018-12-12,2019-01-26,0
484,904,2018-12-02,2019-01-07,1
4,77,2018-12-07,2019-01-28,1
348,975,2018-12-02,2018-12-24,1
176,908,2018-12-12,2019-01-15,1
70,41,2018-12-11,2019-01-15,0
994,792,2018-11-23,2019-01-24,0
240,376,2018-11-24,2019-01-09,1
107,94,2018-11-21,2018-12-25,0
471,883,2018-12-04,2018-12-19,0
203,211,2018-11-26,2019-01-08,0
385,369,2018-12-06,2018-12-20,0
228,608,2018-11-18,2018-12-27,0
962,650,2018-12-12,2018-12-19,0
498,552,2018-12-05,2018-12-26,1
977,900,2018-11-29,2018-12-24,0
409,297,2018-12-14,2018-12-29,1
243,645,2018-12-01,2019-01-07,1
481,472,2018-12-06,2019-01-11,1
434,956,2018-11-24,2018-12-23,0
151,184,2018-11-21,2019-01-07,1
827,46,2018-11-23,2019-01-16,1
389,309,2018-11-26,2019-01-02,0
323,268,2018-11-26,2019-01-03,0
457,831,2018-11-23,2018-12-18,1
241,168,2018-11-25,2019-01-22,1
444,46,2018-11-26,2019-01-13,0
197,689,2018-11-20,2019-01-11,1
956,88,2018-11-24,2019-01-24,0
168,367,2018-12-02,2019-01-04,1
639,131,2018-11-26,2019-01-24,1
348,705,2018-11-19,2019-01-06,1
855,818,2018-11-21,2019-01-05,1
111,916,2018-12-15,2019-01-06,1
73,265,2018-11-28,2018-12-31,0
926,183,2018-12-04,2018-12-29,0
665,555,2018-11-19,2019-01-12,0
268,347,2018-12-02,2019-01-05,1
490,19,2018-11-27,2018-12-29,0
263,553,2018-11-22,2019-01-26,0
658,970,2018-12-13,2019-01-24,0
222,656,2018-11-30,2019-01-22,0
881,139,2018-11-29,2018-12-20,0
790,336,2018-12-10,2018-12-26,0
385,377,2018-11-26,2019-01-03,1
214,801,2018-12-05,2019-01-06,1
235,971,2018-12-02,2018-12-20,1
695,606,2018-12-08,2019-01-10,0
967,151,2018-11-24,2018-12-27,1
743,547,2018-11-27,2018-12-22,0
316,769,2018-11-21,2018-12-19,0
278,366,2018-11-21,2019-01-16,1
266,513,2018-12-14,2019-01-06,1
615,280,2018-12-14,2018-12-22,1
759,255,2018-12-01,2019-01-16,0
726,100,2018-12-10,2019-01-09,1
346,296,2018-12-01,2019-01-17,1
647,498,2018-11-29,2019-01-30,0
84,384,2018-11-25,2018-12-24,1
456,920,2018-11-22,2018-12-30,1
329,706,2018-11-21,2019-01-29,1
753,130,2018-11-20,2019-01-09,1
554,909,2018-12-17,2019-01-26,0
589,716,2018-11-20,2019-01-23,0
440,712,2018-12-10,2019-01-16,0
476,778,2018-12-17,2019-01-28,0
486,287,2018-12-14,2019-01-17,1
626,959,2018-11-30,2019-01-18,1
316,751,2018-11-18,2019-01-02,1
716,394,2018-12-09,2018-12-23,1
181,303,2018-11-27,2018-12-20,0
985,741,2018-12-14,2019-01-26,0
476,552,2018-12-07,2018-12-23,1
272,853,2018-12-14,2019-01-26,0
26,746,2018-11-30,2018-12-20,1
5,978,2018-11-24,2019-01-11,1
629,419,2018-12-07,2018-12-19,1
331,188,2018-12-06,2019-01-30,0
447,977,2018-11-24,2019-01-22,1
73,391,2018-11-24,2019-01-02,0
669,435,2018-12-03,2019-01-25,0
486,736,2018-11-30,2019-01-18,1
779,881,2018-12-14,2019-01-08,1
925,355,2018-11-26,2018-12-30,1
522,483,2018-11-26,2019-01-26,1
427,760,2018-12-03,2018-12-26,1
409,15,2018-11-19,2019-01-17,1
730,261,2018-12-05,2018-12-29,0
236,652,2018-11-30,2019-01-28,0
762,965,2018-11-23,2019-01-02,0
505,82,2018-12-11,2018-12-28,0
900,794,2018-12-02,2018-12-26,0
455,960,2018-11-19,2018-12-25,0
327,723,2018-12-09,2019-01-16,0
437,246,2018-11-28,2019-01-13,1
840,892,2018-12-02,2018-12-20,1
923,768,2018-12-10,2019-01-01,0
161,258,2018-11-30,2018-12-30,0
762,556,2018-11-20,2018-12-27,1
974,419,2018-11-22,2019-01-12,1
812,283,2018-11-26,2019-01-21,1
357,931,2018-11-20,2018-12-28,0
484,160,2018-12-12,2018-12-26,0
179,943,2018-12-14,2018-12-21,1
711,355,2018-11-21,2018-12-25,1
547,506,2018-12-05,2019-01-02,0
63,28,2018-11-22,2018-12-30,1
337,666,2018-11-29,2019-01-16,1
532,967,2018-12-06,2019-01-28,0
303,522,2018-12-15,2019-01-11,0
787,271,2018-12-06,2018-12-19,1
80,823,2018-11-20,2018-12-28,0
348,842,2018-12-06,2018-12-24,1
602,695,2018-11-30,2018-12-19,1
38,874,2018-12-06,2018-12-30,0
736,266,2018-12-05,2019-01-28,1
688,762,2018-12-16,2019-01-29,0
446,198,2018-11-28,2019-01-01,0
165,379,2018-12-11,2019-01-01,1
273,883,2018-11-28,2019-01-21,1
436,236,2018-12-14,2019-01-19,0
319,58,2018-12-05,2018-12-18,0
186,7,2018-12-14,2019-01-14,0
313,249,2018-11-25,2018-12-28,1
309,47,2018-12-04,2018-12-21,1
76,159,2018-12-07,2019-01-26,0
966,742,2018-12-07,2019-01-25,1
262,350,2018-11-30,2018-12-31,0
935,717,2018-12-16,2019-01-21,0
449,879,2018-11-28,2018-12-22,0
661,55,2018-12-17,2019-01-09,1
371,972,2018-11-23,2018-12-25,1
560,517,2018-11-26,2019-01-05,0
964,687,2018-12-03,2018-12-29,0
513,51,2018-11-18,2018-12-24,1
174,8,2018-11-19,2018-12-21,0
478,338,2018-11-30,2018-12-23,1
712,151,2018-11-19,2019-01-01,1
950,633,2018-12-16,2019-01-02,0
70,832,2018-11-21,2018-12-29,1
899,853,2018-12-14,2018-12-27,1
634,156,2018-11-29,2018-12-25,1
945,766,2018-12-16,2019-01-04,0
486,162,2018-12-13,2019-01-18,1
539,663,2018-12-14,2019-01-14,0
917,998,2018-11-30,2019-01-10,0
214,48,2018-11-27,2019-01-10,1
728,622,2018-12-17,2018-12-29,1
78,724,2018-12-09,2019-01-12,0
299,732,2018-12-03,2019-01-27,0
385,213,2018-12-12,2019-01-22,0
149,481,2018-12-09,2019-01-06,1
858,907,2018-12-16,2019-01-28,1
135,244,2018-11-25,2019-01-07,1
223,732,2018-12-09,2019-01-15,0
578,391,2018-12-10,2019-01-21,0
874,899,2018-12-06,2019-01-29,0
951,659,2018-11-18,2018-12-18,0
951,117,2018-11-20,2019-01-13,1
788,613,2018-11-23,2018-12-22,0
797,346,2018-12-05,2019-01-12,1
988,894,2018-12-01,2018-12-21,0
44,400,2018-11-24,2019-01-09,0
931,733,2018-11-30,2018-12-22,1
980,345,2018-11-18,2018-12-24,1
325,199,2018-11-29,2018-12-22,0
195,632,2018-11-28,2019-01-07,1
229,237,2018-12-08,2018-12-30,1
115,14,2018-12-07,2019-01-23,1
751,672,2018-11-30,2019-01-24,0
29,683,2018-11-22,2019-01-14,1
217,459,2018-11-25,2018-12-26,1
696,520,2018-11-20,2018-12-31,1
864,419,2018-11-19,2019-01-10,1
164,320,2018-12-14,2019-01-03,0
733,208,2018-12-07,2018-12-31,0
361,554,2018-12-15,2019-01-10,0
35,305,2018-11-25,2018-12-29,0
208,312,2018-11-30,2019-01-05,1
828,286,2018-12-02,2018-12-30,1
915,431,2018-11-27,2018-12-26,0
169,696,2018-12-04,2019-01-29,1
599,339,2018-12-08,2019-01-29,0
833,971,2018-11-24,2019-01-19,1
816,111,2018-12-03,2018-12-31,0
516,111,2018-11-19,2019-01-02,0
865,857,2018-12-05,2019-01-04,0
298,845,2018-11-21,2019-01-23,0
906,641,2018-12-09,2019-01-08,1
990,296,2018-11-20,2018-12-18,0
965,760,2018-12-17,2018-12-29,0
595,930,2018-12-17,2019-01-27,0
684,143,2018-12-05,2019-01-05,0
780,828,2018-11-30,2018-12-21,1
914,271,2018-11-22,2019-01-04,0
686,100,2018-11-20,2019-01-17,0
837,780,2018-12-16,2019-01-04,1
206,965,2018-12-17,2019-01-08,1
332,789,2018-12-11,2019-01-12,0
445,284,2018-11-26,2019-01-01,1
539,916,2018-12-04,2019-01-24,1
9,22,2018-11-29,2019-01-28,1
414,947,2018-11-27,2018-12-31,0
969,478,2018-11-23,2019-01-05,1
241,676,2018-11-26,2018-12-20,0
898,262,2018-11-29,2018-12-28,1
507,299,2018-12-05,2018-12-28,0
34,599,2018-12-09,2019-01-18,0
426,415,2018-12-15,2018-12-29,1
337,374,2018-12-03,2019-01-15,1
899,78,2018-12-04,2018-12-29,0
551,179,2018-11-18,2019-01-13,0
885,116,2018-12-04,2019-01-01,0
228,506,2018-11-18,2019-01-04,1
755,302,2018-12-12,2019-01-05,1
397,183,2018-12-08,2018-12-27,1
926,301,2018-11-20,2019-01-19,0
58,425,2018-12-03,2019-01-22,1
186,325,2018-11-28,2019-01-30,0
801,264,2018-11-21,2018-12-22,1
176,709,2018-12-14,2018-12-21,1
535,710,2018-12-10,2019-01-25,0
956,709,2018-12-06,2018-12-27,0
544,228,2018-12-09,2019-01-04,1
737,610,2018-11-29,2019-01-25,0
26,445,2018-12-17,2019-01-15,0
263,519,2018-12-09,2019-01-20,0
136,820,2018-12-17,2019-01-02,1
378,824,2018-12-07,2018-12-25,0
208,527,2018-12-12,2018-12-29,1
141,181,2018-11-25,2019-01-03,1
937,835,2018-11-18,2019-01-14,1
512,159,2018-12-16,2018-12-18,0
280,255,2018-12-11,2019-01-07,0
396,474,2018-12-08,2019-01-23,0
769,155,2018-11-27,2019-01-10,1
783,104,2018-11-19,2019-01-15,1
450,106,2018-12-11,2019-01-24,1
368,849,2018-12-04,2019-01-04,0
340,374,2018-12-11,2019-01-19,0
795,486,2018-12-10,2019-01-08,0
651,395,2018-12-17,2019-01-30,0
211,654,2018-12-01,2019-01-18,1
489,3,2018-12-07,2019-01-02,0
334,187,2018-11-23,2019-01-08,0
34,266,2018-11-27,2018-12-24,0
395,681,2018-11-25,2019-01-22,1
18,948,2018-12-06,2019-01-22,0
817,122,2018-12-14,2019-01-28,0
825,759,2018-12-02,2019-01-02,0
949,300,2018-11-18,2019-01-11,0
942,372,2018-11-19,2019-01-05,1
553,788,2018-11-30,2019-01-16,1
530,576,2018-11-19,2019-01-20,1
317,442,2018-12-16,2018-12-24,1
857,893,2018-11-29,2018-12-21,0
135,852,2018-11-27,2018-12-31,0
240,93,2018-12-14,2018-12-25,1
422,80,2018-11-24,2019-01-29,1
886,262,2018-12-17,2018-12-23,1
520,808,2018-11-18,2018-12-18,1
902,12,2018-12-04,2018-12-26,1
893,137,2018-11-30,2018-12-25,0
455,715,2018-11-29,2019-01-07,0
56,639,2018-12-09,2019-01-05,0
469,206,2018-12-08,2018-12-19,1
659,457,2018-12-06,2018-12-21,1
134,385,2018-11-20,2018-12-30,0
691,831,2018-12-01,2019-01-03,1
924,3,2018-11-24,2018-12-30,1
384,397,2018-11-30,2019-01-08,1
711,736,2018-11-27,2018-12-18,1
622,539,2018-11-30,2019-01-25,0
767,214,2018-12-10,2019-01-27,1
47,36,2018-11-22,2019-01-05,0
274,813,2018-11-21,2018-12-30,1
899,117,2018-12-05,2019-01-24,1
770,305,2018-12-13,2018-12-29,0
595,574,2018-11-24,2019-01-02,1
229,436,2018-12-17,2019-01-11,1
234,799,2018-11-27,2019-01-23,0
90,992,2018-12-04,2019-01-16,1
986,103,2018-11-19,2019-01-14,0
347,825,2018-12-08,2018-12-28,0
325,798,2018-11-23,2019-01-14,0
642,839,2018-12-04,2019-01-07,1
482,617,2018-12-16,2018-12-26,1
64,561,2018-12-07,2018-12-20,0
621,491,2018-12-09,2019-01-30,1
355,348,2018-11-30,2018-12-29,0
989,560,2018-11-24,2019-01-12,1
875,946,2018-11-30,2019-01-15,1
858,466,2018-12-01,2019-01-16,0
199,947,2018-12-14,2018-12-22,1
879,22,2018-11-22,2019-01-04,1
647,51,2018-12-07,2019-01-04,1
717,505,2018-11-26,2018-12-26,0
491,31,2018-11-19,2018-12-24,0
353,801,2018-11-22,2019-01-13,1
36,867,2018-11-23,2019-01-22,0
767,813,2018-12-10,2018-12-20,1
221,446,2018-12-14,2018-12-27,1
829,544,2018-11-22,2019-01-24,1
227,34,2018-12-15,2019-01-04,0
76,44,2018-12-15,2019-01-10,1
218,567,2018-12-09,2019-01-13,0
873,118,2018-11-29,2019-01-20,0
185,424,2018-11-20,2019-01-08,1
708,343,2018-11-22,2019-01-03,0
653,223,2018-12-06,2019-01-07,1
117,527,2018-11-24,2019-01-20,1
932,73,2018-11-18,2018-12-20,0
118,627,2018-11-28,2018-12-20,1
833,224,2018-12-12,2019-01-15,0
616,536,2018-11-25,2019-01-03,1
943,834,2018-11-25,2019-01-15,1
716,722,2018-11-23,2018-12-31,1
427,136,2018-12-05,2019-01-09,0
996,110,2018-11-24,2018-12-26,0
695,339,2018-11-19,2019-01-29,0
474,507,2018-12-17,2018-12-28,0
549,722,2018-11-30,2019-01-05,1
141,166,2018-11-24,2018-12-24,0
421,661,2018-11-24,2019-01-19,0
615,353,2018-12-04,2018-12-21,1
507,594,2018-12-06,2019-01-17,0
339,634,2018-12-14,2019-01-27,0
890,651,2018-12-09,2018-12-27,1
906,972,2018-12-02,2019-01-17,0
445,914,2018-12-02,2018-12-20,1
771,639,2018-12-06,2018-12-25,0
807,652,2018-12-05,2019-01-08,0
339,139,2018-11-27,2018-12-19,0
770,32,2018-12-02,2019-01-29,0
715,9,2018-11-26,2019-01-24,1
713,156,2018-11-27,2019-01-17,1
814,183,2018-11-19,2019-01-19,1
120,910,2018-11-24,2019-01-06,1
32,395,2018-12-16,2019-01-03,0
212,748,2018-12-16,2019-01-13,0
491,781,2018-12-15,2019-01-30,1
858,787,2018-11-21,2019-01-04,0
503,340,2018-12-14,2019-01-12,0
875,719,2018-12-05,2018-12-30,1
850,936,2018-11-29,2019-01-26,1
475,226,2018-11-22,2018-12-27,1
204,972,2018-12-14,2019-01-05,0
334,654,2018-11-20,2018-12-20,0
728,294,2018-11-26,2019-01-21,0
655,737,2018-12-04,2019-01-21,0
145,487,2018-11-27,2018-12-24,0
138,844,2018-12-02,2018-12-30,1
712,696,2018-11-28,2019-01-05,1
111,329,2018-12-16,2019-01-18,1
841,525,2018-11-28,2019-01-21,1
44,982,2018-12-01,2018-12-24,1
566,543,2018-11-30,2018-12-19,0
977,892,2018-11-28,2019-01-20,0
484,172,2018-12-12,2019-01-08,0
564,257,2018-12-05,2019-01-14,1
789,818,2018-11-24,2019-01-01,0
560,327,2018-12-12,2019-01-11,1
636,469,2018-12-17,2018-12-21,1
741,689,2018-12-03,2019-01-18,0
433,332,2018-11-25,2018-12-25,0
283,517,2018-11-18,2019-01-09,1
825,486,2018-12-02,2018-12-29,0
163,895,2018-12-11,2019-01-18,1
914,712,2018-12-13,2019-01-11,1
882,633,2018-11-29,2018-12-20,0
558,954,2018-12-02,2018-12-24,0
582,734,2018-12-05,2019-01-25,1
943,677,2018-12-01,2018-12-21,0
764,449,2018-11-23,2018-12-27,0
472,594,2018-12-14,2018-12-24,0
966,282,2018-11-25,2019-01-15,1
278,992,2018-11-20,2019-01-22,0
290,369,2018-11-23,2019-01-03,0
327,93,2018-11-21,2019-01-15,0
847,709,2018-11-21,2019-01-18,1
733,174,2018-12-06,2018-12-22,1
337,962,2018-12-05,2019-01-24,1
117,719,2018-12-06,2019-01-22,1
820,942,2018-12-11,2019-01-09,1
905,904,2018-12-10,2019-01-02,1
790,454,2018-12-01,2019-01-10,1
703,111,2018-11-30,2019-01-08,0
201,536,2018-12-17,2018-12-20,0
17,207,2018-12-16,2018-12-22,1
401,83,2018-11-23,2019-01-03,0
228,24,2018-12-11,2018-12-29,1
312,7,2018-12-14,2019-01-13,1
339,913,2018-12-04,2018-12-25,1
754,40,2018-11-26,2019-01-21,0
291,73,2018-12-07,2018-12-23,0
67,727,2018-12-11,2019-01-19,0
348,399,2018-11-27,2019-01-07,0
348,465,2018-12-01,2019-01-17,0
477,646,2018-12-09,2019-01-09,1
105,747,2018-12-17,2019-01-29,1
638,32,2018-12-02,2019-01-21,1
430,409,2018-12-12,2018-12-30,1
719,473,2018-12-06,2019-01-30,0
561,302,2018-12-07,2019-01-05,1
5,577,2018-12-07,2019-01-22,0
491,125,2018-11-19,2019-01-16,1
25,220,2018-12-12,2018-12-25,0
572,108,2018-11-27,2019-01-16,0
690,4,2018-12-12,2019-01-29,0
4,45,2018-12-01,2019-01-18,0
366,607,2018-12-10,2019-01-26,0
345,472,2018-12-05,2018-12-20,0
441,931,2018-12-01,2019-01-11,0
174,309,2018-12-01,2019-01-05,0
970,74,2018-12-02,2019-01-22,1
754,953,2018-12-07,2019-01-29,1
463,462,2018-11-18,2018-12-18,1
609,138,2018-12-04,2019-01-22,0
410,677,2018-12-06,2019-01-02,0
22,243,2018-12-11,2019-01-16,1
711,69,2018-12-06,2019-01-06,0
723,349,2018-12-12,2018-12-24,1
766,535,2018-11-19,2018-12-22,0
343,55,2018-12-07,2019-01-07,0
6,220,2018-12-12,2018-12-18,1
999,636,2018-11-28,2018-12-28,0
863,48,2018-11-26,2019-01-28,1
392,846,2018-11-18,2018-12-31,1
736,420,2018-11-27,2019-01-13,0
307,296,2018-11-22,2019-01-22,1
812,863,2018-12-12,2018-12-22,1
77,684,2018-12-05,2019-01-29,1
51,586,2018-11-21,2019-01-20,0
363,345,2018-12-10,2019-01-04,0
776,113,2018-12-05,2019-01-30,0
331,909,2018-11-29,2019-01-24,1
254,542,2018-11-22,2018-12-26,0
440,322,2018-12-17,2019-01-15,1
681,153,2018-11-29,2018-12-21,0
746,395,2018-11-27,2018-12-29,0
748,129,2018-12-16,2019-01-14,1
740,561,2018-11-24,2018-12-28,1
246,152,2018-11-30,2019-01-13,1
709,785,2018-12-04,2018-12-29,0
382,907,2018-12-01,2019-01-21,1
603,731,2018-12-06,2019-01-24,0
74,204,2018-11-18,2019-01-18,0
699,269,2018-12-08,2019-01-16,0
461,408,2018-11-30,2018-12-28,1
354,883,2018-12-14,2019-01-18,0
